id,Order_ID,Product_ID,Quantity,UnitPrice
1,71,20,4771,175.64
2,50,23,2863,151.66
3,90,25,4460,73.44
4,30,13,2319,12.07
5,46,1,3950,201.18
6,65,4,3389,118.26
7,66,19,2484,112.88
8,45,10,1230,19.33
9,73,7,1195,16.62
10,29,1,1775,44.72
11,3,11,2679,63.03
12,50,25,1727,83.42
13,28,3,888,234.27
14,21,3,1599,65.74
15,40,17,1367,34.05
16,54,19,4772,65.82
17,32,18,1393,181.19
18,73,5,186,151.47
19,85,19,3346,70.4
20,58,7,3754,14.78
21,63,9,2625,120.68
22,99,12,4731,130.01
23,80,10,3625,188.57
24,64,18,3228,114.31
25,79,17,1353,155.2
26,20,15,859,22.73
27,36,18,2365,88.17
28,69,9,1995,163.96
29,9,4,4201,115.58
30,82,22,491,26.62
31,32,3,1879,67.46
32,30,8,3532,214.17
33,12,18,2187,131.73
34,70,19,4676,111.78
35,23,13,2859,226.26
36,46,24,4861,201.09
37,8,15,3051,128.97
38,12,16,4084,42.96
39,95,6,3981,99.61
40,26,24,1782,139.47
41,66,23,2291,104.71
42,53,14,402,136.37
43,30,21,2544,193.88
44,65,22,4328,62.9
45,25,12,3727,126.22
46,86,11,2675,179.98
47,27,7,1712,23.31
48,61,5,2104,153.1
49,90,7,28,106.02
50,82,18,3030,80.9
51,88,11,1892,228.53
52,96,5,2927,77.12
53,77,19,404,173.48
54,39,22,101,136.06
55,53,24,1248,59.83
56,15,3,4105,45.69
57,96,13,3134,221.37
58,14,21,3577,136.27
59,41,15,2328,208.81
60,34,23,4656,66.27
61,88,5,4422,114.88
62,10,1,424,98.66
63,78,13,1632,43.41
64,68,16,1991,27.13
65,19,25,591,58.11
66,81,6,1066,41.13
67,38,1,4523,52.86
68,90,15,2351,149.09
69,35,5,3387,17.38
70,14,22,1247,9.42
71,55,16,4412,76.9
72,42,18,2210,243.21
73,48,4,1966,166.62
74,22,18,4185,104.05
75,73,6,3709,86.98
76,37,21,4535,18.0
77,22,3,1531,116.35
78,52,4,680,98.49
79,94,7,2681,138.7
80,86,17,3927,221.26
81,84,1,3453,15.14
82,18,10,1566,88.61
83,40,10,557,82.81
84,48,5,4794,90.22
85,73,21,2177,145.85
86,9,17,1038,135.97
87,8,13,114,235.62
88,62,1,2762,155.75
89,70,2,2188,189.74
90,44,14,3735,43.02
91,49,17,3674,94.93
92,14,17,3935,51.83
93,92,18,4310,186.79
94,6,23,2445,232.98
95,33,8,1837,72.17
96,24,21,2387,190.48
97,92,11,232,178.62
98,13,5,3455,73.42
99,24,10,1154,13.91
100,70,3,402,46.2
